id,name,city,state,category,specialties,procedures,min_price,max_price,nabh_accredited,jci_accredited,insurance_schemes,lead_doctors,phone,email,website,address,lat,lng,international_patients,beds,gmap_link,technology_stack,avg_length_of_stay,lead_doctor_experience,image_url
apollo-chennai,Apollo Hospitals Greams Road,Chennai,Tamil Nadu,Premium Multi-Specialty,"Cardiac Surgery,Interventional Cardiology,Neurosurgery,Oncology,Organ Transplant,Orthopedics,Gastroenterology,Nephrology,Robotic Surgery","Coronary Angioplasty,CABG Surgery,Heart Transplantation,Liver Transplant,Kidney Transplant,Brain Tumor Surgery,Total Knee Replacement,Total Hip Replacement,Robotic Surgery,Spine Surgery,Bone Marrow Transplant",150000,3000000,Yes,Yes,"CMCHIS,PM-JAY,Private Insurance","Dr. A.M. Karthigesan,Dr. I Sathyamurthy",+91-9289678787,info@apollohospitals.com,https://www.apollohospitals.com/chennai,21 Greams Lane Off Greams Road Chennai 600006,13.0633,80.2455,Yes,1000.0,"https://www.google.com/maps/search/?api=1&query=13.0633,80.2455","Da Vinci Robotic System, Advanced Cath Labs, 3D Imaging","7 Days Hospital, 14 Days Hotel",25+ Years,https://images.unsplash.com/photo-1587351021759-3e566b6af7cc?q=80&w=1000&auto=format&fit=crop
miot-chennai,MIOT International Hospital,Chennai,Tamil Nadu,Premium Multi-Specialty,"Orthopedics,Cardiac Surgery,Neurosurgery,Oncology,Nephrology,Gastroenterology,Organ Transplant,Robotic Surgery","Total Knee Replacement,Total Hip Replacement,Revision Joint Replacement,Coronary Angioplasty,CABG Surgery,Brain Tumor Surgery,Spine Surgery,Kidney Transplant,Liver Transplant,Robotic Surgery",100000,2500000,Yes,Yes,"CMCHIS,PM-JAY,Private Insurance","Dr. Prithvi Mohandas,Dr. Senthilvelan Rajagopalan,Dr. Balaraman Palaniappan,Dr. M.S. Meenakshi",+91-44-22490000,enquiry@miotinternational.com,https://www.miotinternational.com,4/112 Mount Poonamallee Road Manapakkam Chennai 600089,13.0176,80.1611,Yes,1000.0,"https://www.google.com/maps/search/?api=1&query=13.0176,80.1611","Da Vinci Robotic System, Advanced Cath Labs, 3D Imaging","7 Days Hospital, 14 Days Hotel",25+ Years,https://images.unsplash.com/photo-1587351021759-3e566b6af7cc?q=80&w=1000&auto=format&fit=crop
rela-chennai,Dr. Rela Institute & Medical Centre,Chennai,Tamil Nadu,Super Specialty,"Liver Transplant,Gastroenterology,Nephrology,Cardiac Surgery,Neurosurgery,Oncology,Obstetrics","Liver Transplant,Multi-Organ Transplant,Kidney Transplant,CABG Surgery,Brain Tumor Surgery,Laparoscopic Surgery,Bariatric Surgery",200000,3500000,Yes,No,"PM-JAY,Private Insurance",Prof. Mohamed Rela,+91-44-22300000,info@relainstitute.com,https://www.relainstitute.com,No 7 CLC Works Road Chromepet Chennai 600044,12.9634,80.139,Yes,450.0,"https://www.google.com/maps/search/?api=1&query=12.9634,80.139","Da Vinci Robotic System, Advanced Cath Labs, 3D Imaging","7 Days Hospital, 14 Days Hotel",20+ Years,https://images.unsplash.com/photo-1551076805-e1869033e561?q=80&w=1000&auto=format&fit=crop
srmc-chennai,Sri Ramachandra Medical Centre,Chennai,Tamil Nadu,University Teaching Hospital,"Cardiac Surgery,Neurosurgery,Nephrology,Orthopedics,Oncology,Gastroenterology,Obstetrics,Organ Transplant","Coronary Angioplasty,CABG Surgery,Heart Transplantation,Kidney Transplant,Liver Transplant,Brain Tumor Surgery,Total Knee Replacement,Bone Marrow Transplant,Spine Surgery",100000,2500000,Yes,Yes,"CMCHIS,PM-JAY,Private Insurance","Dr. J.S. Satyanarayana Murthy,Dr. S. Thanikachalam,Dr. T.R. Muralidharan",+91-44-45928500,info@sriramachandra.edu.in,https://srmc.sriramachandra.edu,No.1 Ramachandra Nagar Porur Chennai 600116,13.0337,80.1566,Yes,1700.0,"https://www.google.com/maps/search/?api=1&query=13.0337,80.1566","Proton Therapy, Varian TrueBeam Linear Accelerator","7 Days Hospital, 14 Days Hotel",25+ Years,https://images.unsplash.com/photo-1519494026892-80bbd2d6fd0d?q=80&w=1000&auto=format&fit=crop
fortis-malar-chennai,Fortis Malar Hospital (MGM Malar),Chennai,Tamil Nadu,Multi-Specialty,"Cardiac Surgery,Interventional Cardiology,Neurosurgery,Orthopedics,Urology,Gynecology","Coronary Angioplasty,CABG Surgery,Valve Replacement,Brain Tumor Surgery,Total Knee Replacement,Minimally Invasive Surgery",120000,2000000,Yes,No,"CMCHIS,PM-JAY,Private Insurance","Dr. A.B. Gopalamurugan,Dr. G. Manohar",+91-44-42899000,info@fortismalar.com,https://www.fortismalar.com,52 1st Main Road Gandhi Nagar Adyar Chennai 600020,13.0012,80.2565,Yes,180.0,"https://www.google.com/maps/search/?api=1&query=13.0012,80.2565","Advanced Minimally Invasive Laparoscopic Systems, 128-slice CT","7 Days Hospital, 14 Days Hotel",20+ Years,https://images.unsplash.com/photo-1551076805-e1869033e561?q=80&w=1000&auto=format&fit=crop
kauvery-chennai,Kauvery Hospital Chennai (Alwarpet),Chennai,Tamil Nadu,Multi-Specialty,"Cardiac Surgery,Neurosurgery,Nephrology,Orthopedics,Gastroenterology,Oncology,Critical Care","Coronary Angioplasty,CABG Surgery,Valve Replacement,Brain Tumor Surgery,Total Knee Replacement,Kidney Transplant,Laparoscopic Surgery",100000,2000000,Yes,No,"CMCHIS,PM-JAY,Private Insurance",Dr. Chandrakumar,+91-44-40006000,care@kauveryhospital.com,https://www.kauveryhospital.com,No 81 TTK Road Alwarpet Chennai 600018,13.0339,80.2551,Yes,300.0,"https://www.google.com/maps/search/?api=1&query=13.0339,80.2551","Proton Therapy, Varian TrueBeam Linear Accelerator","7 Days Hospital, 14 Days Hotel",20+ Years,https://images.unsplash.com/photo-1551076805-e1869033e561?q=80&w=1000&auto=format&fit=crop
vijaya-chennai,Vijaya Hospital,Chennai,Tamil Nadu,Multi-Specialty,"Cardiac Surgery,Cardiac Electrophysiology,Orthopedics,Neurosurgery,Gastroenterology","Coronary Angioplasty,CABG Surgery,Valve Replacement,Beating Heart Surgery,Total Knee Replacement,Brain Tumor Surgery",100000,2000000,Yes,No,"CMCHIS,PM-JAY,Private Insurance",Dr. B. NagiReddy,+91-44-24806000,info@vijayahospital.in,https://www.vijayahospital.in,180 NSK Salai Vadapalani Chennai 600026,13.049,80.2094,Yes,500.0,"https://www.google.com/maps/search/?api=1&query=13.049,80.2094","Advanced Minimally Invasive Laparoscopic Systems, 128-slice CT","7 Days Hospital, 14 Days Hotel",20+ Years,https://images.unsplash.com/photo-1551076805-e1869033e561?q=80&w=1000&auto=format&fit=crop
frontier-lifeline-chennai,Frontier Lifeline Hospital,Chennai,Tamil Nadu,Cardiac Specialty,"Cardiac Surgery,Interventional Cardiology,Pediatric Cardiology","Coronary Angioplasty,CABG Surgery,Valve Replacement,Mitral Valve Surgery,Pediatric Cardiac Surgery,Heart Transplantation",150000,2500000,Yes,No,"CMCHIS,PM-JAY,Private Insurance",Dr. K.M. Cherian,+91-44-26560016,info@frontierlifeline.com,https://frontierlifeline.com,R-30-C Ambattur Industrial Estate Mogappair Chennai 600101,13.1088,80.1763,Yes,200.0,"https://www.google.com/maps/search/?api=1&query=13.1088,80.1763",Advanced Minimally Invasive & Laparoscopic Systems,"7 Days Hospital, 14 Days Hotel",15+ Years,https://images.unsplash.com/photo-1551076805-e1869033e561?q=80&w=1000&auto=format&fit=crop
gleneagles-health-city-chennai,Gleneagles Health City Chennai,Chennai,Tamil Nadu,Premium Multi-Specialty,"Liver Transplant,Cardiac Surgery,Oncology,Neurosurgery,Nephrology,Organ Transplant","Liver Transplant,Multi-Organ Transplant,Coronary Angioplasty,CABG Surgery,Cancer Surgery,Kidney Transplant",200000,4000000,Yes,Yes,"CMCHIS,PM-JAY,Private Insurance","Dr. Mohamed Rela,Dr. Karthick Anjaneyan",+91-44-44777000,info@gleneagleshealth.in,https://www.gleneagleshealthcity.com,439 Cheran Nagar Perumbakkam Sholinganallur Chennai 600100,12.8967,80.2218,Yes,800.0,"https://www.google.com/maps/search/?api=1&query=12.8967,80.2218","Da Vinci Robotic System, Advanced Cath Labs, 3D Imaging","7 Days Hospital, 14 Days Hotel",25+ Years,https://images.unsplash.com/photo-1587351021759-3e566b6af7cc?q=80&w=1000&auto=format&fit=crop
billroth-chennai,Billroth Hospitals,Chennai,Tamil Nadu,Multi-Specialty,"Cardiac Surgery,Gastroenterology,Urology,Oncology,Orthopedics","Coronary Angioplasty,CABG Surgery,Kidney Stone Surgery,Laparoscopic Surgery,Total Knee Replacement",100000,1500000,Yes,No,"CMCHIS,PM-JAY,Private Insurance",Dr. V. Jeganathan,+91-44-26441111,info@billrothhospitals.com,https://www.billrothhospitals.com,43 Lakshmi Talkies Road Shenoy Nagar Chennai 600030,13.0844,80.2218,Yes,600.0,"https://www.google.com/maps/search/?api=1&query=13.0844,80.2218","Proton Therapy, Varian TrueBeam Linear Accelerator","7 Days Hospital, 14 Days Hotel",20+ Years,https://images.unsplash.com/photo-1551076805-e1869033e561?q=80&w=1000&auto=format&fit=crop
aravind-eye-madurai,Aravind Eye Hospital Madurai,Madurai,Tamil Nadu,Eye Specialty,Ophthalmology,"Cataract Surgery,Glaucoma Surgery,Retinal Surgery,Corneal Transplant,LASIK,Pediatric Eye Surgery",5000,150000,Yes,No,"CMCHIS,PM-JAY,Private Insurance,Free Scheme",Dr. P. Namperumalsamy,+91-452-4356100,madurai.aravind@aravind.org,https://aravind.org,1 Anna Nagar Madurai 625020,9.9281,78.1147,Yes,800.0,"https://www.google.com/maps/search/?api=1&query=9.9281,78.1147","Zeiss VisuMax Femtosecond Laser, Constellation Vision System","Day Care, 2 Days Hotel",15+ Years,https://images.unsplash.com/photo-1538108149393-cebb47ac0925?q=80&w=1000&auto=format&fit=crop
mmhrc-madurai,Meenakshi Mission Hospital & Research Centre,Madurai,Tamil Nadu,Multi-Specialty,"Cardiac Surgery,Neurosurgery,Nephrology,Oncology,Orthopedics,Gastroenterology,Organ Transplant","Coronary Angioplasty,CABG Surgery,Brain Tumor Surgery,Kidney Transplant,Total Knee Replacement,Cancer Surgery,Spine Surgery",80000,2000000,Yes,No,"CMCHIS,PM-JAY,Private Insurance",Dr. S. Gurushankar,+91-452-4263000,info@mmhrc.in,https://mmhrc.in,Lake Area Melur Road Madurai 625107,9.9785,78.173,Yes,750.0,"https://www.google.com/maps/search/?api=1&query=9.9785,78.173","Proton Therapy, Varian TrueBeam Linear Accelerator","7 Days Hospital, 14 Days Hotel",20+ Years,https://images.unsplash.com/photo-1551076805-e1869033e561?q=80&w=1000&auto=format&fit=crop
apollo-madurai,Apollo Specialty Hospitals Madurai,Madurai,Tamil Nadu,Multi-Specialty,"Cardiac Surgery,Orthopedics,Neurosurgery,Oncology,Nephrology","Coronary Angioplasty,CABG Surgery,Total Knee Replacement,Total Hip Replacement,Brain Tumor Surgery,Kidney Transplant",100000,2000000,Yes,No,"CMCHIS,PM-JAY,Private Insurance",,+91-452-2520121,madurai@apollohospitals.com,https://www.apollohospitals.com,Lakeview Road KK Nagar Madurai 625020,9.9312,78.1098,Yes,350.0,"https://www.google.com/maps/search/?api=1&query=9.9312,78.1098","Da Vinci Robotic System, Advanced Cath Labs, 3D Imaging","7 Days Hospital, 14 Days Hotel",25+ Years,https://images.unsplash.com/photo-1587351021759-3e566b6af7cc?q=80&w=1000&auto=format&fit=crop
kauvery-trichy,Kauvery Hospital Trichy (Tennur),Trichy,Tamil Nadu,Multi-Specialty,"Cardiac Surgery,Neurosurgery,Nephrology,Oncology,Orthopedics,Trauma","Coronary Angioplasty,CABG Surgery,Brain Tumor Surgery,Kidney Transplant,Total Knee Replacement,Spine Surgery",80000,1800000,Yes,No,"CMCHIS,PM-JAY,Private Insurance","Dr. Chandrakumar,Dr. S. Manivannan",+91-431-4077777,kmccontrichy@kauveryhospital.com,https://www.kauveryhospital.com,NO.91 Navalurkuttapattu Village Trichy-Dindigul Main Road Trichy 620009,10.805,78.6856,Yes,200.0,"https://www.google.com/maps/search/?api=1&query=10.805,78.6856","Proton Therapy, Varian TrueBeam Linear Accelerator","7 Days Hospital, 14 Days Hotel",20+ Years,https://images.unsplash.com/photo-1551076805-e1869033e561?q=80&w=1000&auto=format&fit=crop
kauvery-heartcity-trichy,Kauvery Heart City Trichy,Trichy,Tamil Nadu,Cardiac Specialty,"Cardiac Surgery,Interventional Cardiology,Electrophysiology,Pediatric Cardiology","Coronary Angioplasty,CABG Surgery,Valve Replacement,TAVR,Pacemaker Implantation,ASD Closure,VSD Closure",100000,2000000,Yes,No,"CMCHIS,PM-JAY,Private Insurance",,+91-431-4077777,kmccontrichy@kauveryhospital.com,https://www.kauveryhospital.com,No-12/52 Alexandria Road Cantonment Trichy 620001,10.8267,78.6926,Yes,100.0,"https://www.google.com/maps/search/?api=1&query=10.8267,78.6926",Advanced Minimally Invasive & Laparoscopic Systems,"7 Days Hospital, 14 Days Hotel",15+ Years,https://images.unsplash.com/photo-1551076805-e1869033e561?q=80&w=1000&auto=format&fit=crop
aravind-eye-coimbatore,Aravind Eye Hospital Coimbatore,Coimbatore,Tamil Nadu,Eye Specialty,Ophthalmology,"Cataract Surgery,Glaucoma Surgery,Retinal Surgery,Corneal Transplant,LASIK,Pediatric Eye Surgery",5000,150000,Yes,No,"CMCHIS,PM-JAY,Private Insurance,Free Scheme",,+91-422-4356100,coimbatore.aravind@aravind.org,https://aravind.org,Cowly Brown Road RS Puram Coimbatore 641002,11.005,76.9538,Yes,500.0,"https://www.google.com/maps/search/?api=1&query=11.005,76.9538","Zeiss VisuMax Femtosecond Laser, Constellation Vision System","Day Care, 2 Days Hotel",15+ Years,https://images.unsplash.com/photo-1538108149393-cebb47ac0925?q=80&w=1000&auto=format&fit=crop
royal-care-cbr,Royal Care Super Speciality Hospital,Coimbatore,Tamil Nadu,Multi-Specialty,"Cardiac Surgery,Interventional Cardiology,Neurosurgery,Nephrology,Orthopedics,Liver Transplant,IVF","Coronary Angioplasty,CABG Surgery,Pacemaker Implantation,TAVI,Liver Transplant,Heart & Lung Transplantation,Brain Tumor Surgery,Kidney Transplant,Total Knee Replacement,Robotic Surgery,IVF Treatment",120000,2500000,Yes,No,"CMCHIS,PM-JAY,Private Insurance","Dr. S. Jeya Kumar,Dr. S. Krishna Kishor,Dr. G. Pradeep,Dr. M. Sivabalan,Dr. Dinesh Chidambaram",+91-422-4040000,info@royalcarehospital.in,https://www.royalcarehospital.in,No 1/520 Neelambur Sulur Taluk Coimbatore 641062,11.0375,77.0727,Yes,350.0,"https://www.google.com/maps/search/?api=1&query=11.0375,77.0727","Advanced Minimally Invasive Laparoscopic Systems, 128-slice CT","7 Days Hospital, 14 Days Hotel",20+ Years,https://images.unsplash.com/photo-1551076805-e1869033e561?q=80&w=1000&auto=format&fit=crop
gknm-cbr,G. Kuppuswamy Naidu Memorial Hospital (GKNM),Coimbatore,Tamil Nadu,Multi-Specialty,"Cardiac Surgery,Interventional Cardiology,Neurosurgery,Nephrology,Oncology,Robotic Surgery,Pediatrics","Coronary Angioplasty,CABG Surgery,Valve Replacement,Heart Transplantation,TAVI,Brain Tumor Surgery,VP Shunt Surgery,Kidney Transplant,Robotic Surgery,Spine Surgery",100000,2500000,Yes,No,"CMCHIS,PM-JAY,Private Insurance","Dr. K.A. Sambasivam,Dr. M.R. Balasenthil,Dr. P. Shanmugam",+91-422-4305300,info@gknmhospital.in,https://www.gknmhospital.org,PB No 6327 Nethaji Road Pappanaickenpalayam Coimbatore 641037,11.0219,76.9611,Yes,600.0,"https://www.google.com/maps/search/?api=1&query=11.0219,76.9611","Proton Therapy, Varian TrueBeam Linear Accelerator","7 Days Hospital, 14 Days Hotel",20+ Years,https://images.unsplash.com/photo-1551076805-e1869033e561?q=80&w=1000&auto=format&fit=crop
kg-hospital-cbr,KG Hospital,Coimbatore,Tamil Nadu,Multi-Specialty,"Cardiac Surgery,Neurosurgery,Orthopedics,Robotic Surgery,Nephrology,Spine Surgery","Coronary Angioplasty,CABG Surgery,Brain Tumor Surgery,Endoscopic Brain Surgery,Total Knee Replacement,Robotic Surgery,Spine Surgery,Kidney Stone Surgery",130000,600000,Yes,No,"CMCHIS,PM-JAY,Private Insurance","Dr. Srinivasan,Dr. S. Raj Kumar",+91-422-4225555,info@kghospitals.in,https://www.kghospitals.in,No.5 Govt Arts College Road Coimbatore 641018,11.0018,76.9629,Yes,400.0,"https://www.google.com/maps/search/?api=1&query=11.0018,76.9629","Advanced Minimally Invasive Laparoscopic Systems, 128-slice CT","7 Days Hospital, 14 Days Hotel",20+ Years,https://images.unsplash.com/photo-1551076805-e1869033e561?q=80&w=1000&auto=format&fit=crop
kmch-cbr,Kovai Medical Center and Hospital (KMCH),Coimbatore,Tamil Nadu,Premium Multi-Specialty,"Cardiac Surgery,Interventional Cardiology,Electrophysiology,Neurosurgery,Nephrology,Oncology,Nuclear Medicine,Robotic Surgery","Coronary Angioplasty,CABG Surgery,Heart Transplantation,Brain Tumor Surgery,Deep Brain Stimulation,Stroke Treatment,Total Knee Replacement,Total Hip Replacement,Kidney Transplant,Liver Transplant,PET-CT Imaging,Robotic Surgery,Pacemaker Implantation",150000,2800000,Yes,No,"CMCHIS,PM-JAY,Private Insurance","Dr. Prashant Vaijyanath,Dr. P. Baskar,Dr. Thomas Alexander,Dr. M. Lawrance Jesuraj",+91-422-4323800,getwell@kmchhospitals.com,https://www.kmchhospitals.com,99 Avanashi Road Peelamedu Civil Aerodrome Post Coimbatore 641014,11.0215,77.0363,Yes,800.0,"https://www.google.com/maps/search/?api=1&query=11.0215,77.0363","Da Vinci Robotic System, Advanced Cath Labs, 3D Imaging","7 Days Hospital, 14 Days Hotel",25+ Years,https://images.unsplash.com/photo-1587351021759-3e566b6af7cc?q=80&w=1000&auto=format&fit=crop
psg-hospital-cbr,PSG Hospitals,Coimbatore,Tamil Nadu,University Teaching Hospital,"Cardiac Surgery,Interventional Cardiology,Neurosurgery,Nephrology,Orthopedics,Oncology,Robotic Surgery,Transplant","Coronary Angioplasty,CABG Surgery,Heart Transplantation,Lung Transplantation,Brain Tumor Surgery,Spine Surgery,Kidney Transplant,Total Knee Replacement,Total Hip Replacement,Robotic Surgery,Liver Transplant,Bone Marrow Transplant",110000,500000,Yes,No,"CMCHIS,PM-JAY,Private Insurance,Bajaj Allianz,Star Health,ICICI Lombard","Dr. P.R. Murugesan,Dr. R. Balakrishnan,Dr. Jayakumar Rajagopal",+91-7449108108,enquiry@psgimsr.ac.in,https://www.psghospitals.com,Avinashi Road Peelamedu Coimbatore 641004,11.0168,77.0277,Yes,1200.0,"https://www.google.com/maps/search/?api=1&query=11.0168,77.0277","Proton Therapy, Varian TrueBeam Linear Accelerator","7 Days Hospital, 14 Days Hotel",25+ Years,https://images.unsplash.com/photo-1519494026892-80bbd2d6fd0d?q=80&w=1000&auto=format&fit=crop
sri-ramakrishna-cbr,Sri Ramakrishna Hospital,Coimbatore,Tamil Nadu,Trust Hospital,"Cardiac Surgery,Interventional Cardiology,Nephrology,Orthopedics,Oncology,Gastroenterology,Liver Transplant","Coronary Angioplasty,CABG Surgery,Kidney Transplant,Total Knee Replacement,Liver Transplant,Stem Cell Transplantation,Chemotherapy,Haemodialysis",100000,450000,Yes,No,"CMCHIS,PM-JAY,Private Insurance,Aditya Birla,Bajaj Allianz,Star Health","Dr. P. Guhan,Dr. G. Krishna Shankar",+91-422-4500000,sriramakrishnahospital@snrsonstrust.org,https://www.sriramakrishnahospital.com,395 Sarojini Naidu Road Siddhapudur Coimbatore 641044,11.0104,76.9699,Yes,600.0,"https://www.google.com/maps/search/?api=1&query=11.0104,76.9699","Proton Therapy, Varian TrueBeam Linear Accelerator","7 Days Hospital, 14 Days Hotel",15+ Years,https://images.unsplash.com/photo-1519494026892-80bbd2d6fd0d?q=80&w=1000&auto=format&fit=crop
ganga-hospital-cbr,Ganga Hospital,Coimbatore,Tamil Nadu,Super Specialty,"Orthopedics,Trauma Surgery,Spine Surgery,Plastic Surgery,Neurosurgery,Sports Medicine,Hand Surgery","Brain Tumor Surgery,Complex Spine Surgery,Revision Knee Replacement,Total Knee Replacement,Total Hip Replacement,ACL Reconstruction,Arthroscopy,Robotic Knee Arthroplasty,Navigation-Assisted Spine Surgery,Microvascular Reconstruction",120000,800000,Yes,No,"CMCHIS,PM-JAY,Private Insurance,Star Health,Bajaj Allianz,Max Bupa","Prof. S. Rajasekaran,Dr. S. Raja Sabapathy,Dr. V. Rajesh Babu,Dr. Rishi Mugesh Kanna",+91-422-4399999,info@gangahospital.in,https://www.gangahospital.com,313 Near B11 Police Station Mettupalayam Road Coimbatore 641043,11.0231,76.9944,Yes,350.0,"https://www.google.com/maps/search/?api=1&query=11.0231,76.9944","Da Vinci Robotic System, Advanced Cath Labs, 3D Imaging","7 Days Hospital, 14 Days Hotel",25+ Years,https://images.unsplash.com/photo-1587351021759-3e566b6af7cc?q=80&w=1000&auto=format&fit=crop
fims-cbr,FIMS Hospital,Coimbatore,Tamil Nadu,Private Multi-Specialty,"Cardiac Surgery,Neurosurgery,Orthopedics","Coronary Angioplasty,CABG Surgery,Brain Tumor Surgery,Total Knee Replacement",100000,700000,Yes,No,"CMCHIS,PM-JAY","Dr. S. Murugadoss,Dr. K. Sakundhala",+91-422-2580123,info@fimshospital.com,,Coimbatore Tamil Nadu,11.0168,76.9629,No,,"https://www.google.com/maps/search/?api=1&query=11.0168,76.9629","Advanced Minimally Invasive Laparoscopic Systems, 128-slice CT","7 Days Hospital, 14 Days Hotel",20+ Years,https://images.unsplash.com/photo-1551076805-e1869033e561?q=80&w=1000&auto=format&fit=crop
ortho-one-cbr,Ortho One Orthopaedic Specialty Hospital,Coimbatore,Tamil Nadu,Orthopedic Specialty,"Orthopedics,Joint Replacement,Sports Medicine,Arthroscopy","Total Knee Replacement,Total Hip Replacement,Arthroscopy,Shoulder Surgery,Revision Joint Replacement",80000,480000,Yes,No,"CMCHIS,PM-JAY",Dr. David V. Rajan,+91-422-2890123,info@orthoone.com,,Coimbatore Tamil Nadu,11.0168,76.9629,No,,"https://www.google.com/maps/search/?api=1&query=11.0168,76.9629",Advanced Minimally Invasive & Laparoscopic Systems,"4 Days Hospital, 10 Days Hotel",15+ Years,https://images.unsplash.com/photo-1551076805-e1869033e561?q=80&w=1000&auto=format&fit=crop
coimbatore-kidney-centre,Coimbatore Kidney Centre,Coimbatore,Tamil Nadu,Nephrology Specialty,"Nephrology,Urology","Kidney Transplant,Haemodialysis",500000,2500000,Yes,No,"CMCHIS,PM-JAY",Dr. P. Soundarapandian,+91-422-2901234,info@ckc.in,,Coimbatore Tamil Nadu,11.0168,76.9629,No,,"https://www.google.com/maps/search/?api=1&query=11.0168,76.9629",Advanced Minimally Invasive & Laparoscopic Systems,"3 Days Hospital, 7 Days Hotel",15+ Years,https://images.unsplash.com/photo-1551076805-e1869033e561?q=80&w=1000&auto=format&fit=crop
nehru-urology-cbr,Nehru Urology Centre,Coimbatore,Tamil Nadu,Urology Specialty,Urology,"Kidney Stone Surgery (PCNL),Kidney Stone Surgery (ESWL),Prostate Surgery",30000,200000,Yes,No,"CMCHIS,PM-JAY",,+91-422-2123456,info@nurology.com,,Coimbatore Tamil Nadu,11.0168,76.9629,No,,"https://www.google.com/maps/search/?api=1&query=11.0168,76.9629",Advanced Minimally Invasive & Laparoscopic Systems,"3 Days Hospital, 7 Days Hotel",15+ Years,https://images.unsplash.com/photo-1551076805-e1869033e561?q=80&w=1000&auto=format&fit=crop
cmch-coimbatore,Coimbatore Medical College Hospital (CMCH),Coimbatore,Tamil Nadu,Government Teaching Hospital,"Cardiac Surgery,Neurosurgery,Nephrology,Orthopedics,General Medicine,Pediatrics,Oncology","CABG Surgery,Coronary Angioplasty,Brain Tumor Surgery,Total Knee Replacement,Haemodialysis",5000,200000,No,No,"CMCHIS,PM-JAY,Free Government Scheme",Dr. R. Manomani,+91-422-2567890,cmch@tnhealth.gov.in,,Trichy Road Coimbatore Tamil Nadu,11.0038,76.9801,No,1500.0,"https://www.google.com/maps/search/?api=1&query=11.0038,76.9801","Proton Therapy, Varian TrueBeam Linear Accelerator","7 Days Hospital, 14 Days Hotel",15+ Years,https://images.unsplash.com/photo-1551076805-e1869033e561?q=80&w=1000&auto=format&fit=crop
kauvery-salem,Kauvery Hospital Salem,Salem,Tamil Nadu,Multi-Specialty,"Cardiac Surgery,Neurosurgery,Nephrology,Gastroenterology,Trauma,Critical Care","Coronary Angioplasty,CABG Surgery,Brain Tumor Surgery,Kidney Transplant,Laparoscopic Surgery",80000,1500000,Yes,No,"CMCHIS,PM-JAY,Private Insurance",,+91-427-2677777,care@kauveryhospital.com,https://www.kauveryhospital.com,Salem Tamil Nadu,11.6643,78.146,Yes,100.0,"https://www.google.com/maps/search/?api=1&query=11.6643,78.146","Advanced Minimally Invasive Laparoscopic Systems, 128-slice CT","7 Days Hospital, 14 Days Hotel",20+ Years,https://images.unsplash.com/photo-1551076805-e1869033e561?q=80&w=1000&auto=format&fit=crop
aravind-eye-salem,Aravind Eye Hospital Salem,Salem,Tamil Nadu,Eye Specialty,Ophthalmology,"Cataract Surgery,Glaucoma Surgery,Retinal Surgery,LASIK,Corneal Transplant",5000,120000,Yes,No,"CMCHIS,PM-JAY,Free Scheme",,+91-427-4356100,salem.aravind@aravind.org,https://aravind.org,Near Karaburanathar Shivan Temple Veerapandi Salem 636010,11.6643,78.146,Yes,,"https://www.google.com/maps/search/?api=1&query=11.6643,78.146","Zeiss VisuMax Femtosecond Laser, Constellation Vision System","Day Care, 2 Days Hotel",15+ Years,https://images.unsplash.com/photo-1538108149393-cebb47ac0925?q=80&w=1000&auto=format&fit=crop
sri-gokulam-salem,Sri Gokulam Hospital Salem,Salem,Tamil Nadu,Multi-Specialty,"Cardiac Surgery,Neurosurgery,Orthopedics,Nephrology,Oncology","Coronary Angioplasty,CABG Surgery,Brain Tumor Surgery,Total Knee Replacement,Kidney Transplant",80000,1500000,Yes,No,"CMCHIS,PM-JAY,Private Insurance",,+91-427-2448171,info@srigokulam.com,,Near Five Roads Salem Tamil Nadu 636004,11.6793,78.1508,No,,"https://www.google.com/maps/search/?api=1&query=11.6793,78.1508","Proton Therapy, Varian TrueBeam Linear Accelerator","7 Days Hospital, 14 Days Hotel",20+ Years,https://images.unsplash.com/photo-1551076805-e1869033e561?q=80&w=1000&auto=format&fit=crop
kauvery-tirunelveli,Kauvery Hospital Tirunelveli,Tirunelveli,Tamil Nadu,Multi-Specialty,"Cardiac Surgery,Neurosurgery,Nephrology,Orthopedics,Oncology,Critical Care","Coronary Angioplasty,CABG Surgery,Brain Tumor Surgery,Total Knee Replacement,Kidney Transplant,Laparoscopic Surgery",80000,1500000,Yes,No,"CMCHIS,PM-JAY,Private Insurance",,+91-462-4006000,care@kauveryhospital.com,https://www.kauveryhospital.com,Tirunelveli Tamil Nadu,8.7139,77.7567,Yes,,"https://www.google.com/maps/search/?api=1&query=8.7139,77.7567","Proton Therapy, Varian TrueBeam Linear Accelerator","7 Days Hospital, 14 Days Hotel",20+ Years,https://images.unsplash.com/photo-1551076805-e1869033e561?q=80&w=1000&auto=format&fit=crop
aravind-eye-tirunelveli,Aravind Eye Hospital Tirunelveli,Tirunelveli,Tamil Nadu,Eye Specialty,Ophthalmology,"Cataract Surgery,Glaucoma Surgery,Retinal Surgery,LASIK,Corneal Transplant,Pediatric Eye Surgery",5000,120000,Yes,No,"CMCHIS,PM-JAY,Free Scheme",,+91-462-4356100,tvl.aravind@aravind.org,https://aravind.org,SN High Road Tirunelveli Junction 627001,8.7139,77.7567,Yes,,"https://www.google.com/maps/search/?api=1&query=8.7139,77.7567","Zeiss VisuMax Femtosecond Laser, Constellation Vision System","Day Care, 2 Days Hotel",15+ Years,https://images.unsplash.com/photo-1538108149393-cebb47ac0925?q=80&w=1000&auto=format&fit=crop
aravind-eye-chennai,Aravind Eye Hospital Chennai,Chennai,Tamil Nadu,Eye Specialty,Ophthalmology,"Cataract Surgery,Glaucoma Surgery,Retinal Surgery,Corneal Transplant,LASIK,Neuro-Ophthalmology,Pediatric Eye Surgery",5000,150000,Yes,No,"CMCHIS,PM-JAY,Private Insurance,Free Scheme","Dr. Haripriya Aravind,Dr. S. Aravind",+91-44-43336000,chennai.aravind@aravind.org,https://aravind.org,4-50 Arcot Road Valasaravakkam Chennai 600087,13.028,80.1607,Yes,,"https://www.google.com/maps/search/?api=1&query=13.028,80.1607","Zeiss VisuMax Femtosecond Laser, Constellation Vision System","Day Care, 2 Days Hotel",15+ Years,https://images.unsplash.com/photo-1538108149393-cebb47ac0925?q=80&w=1000&auto=format&fit=crop
sankara-nethralaya-chennai,Sankara Nethralaya Chennai,Chennai,Tamil Nadu,Eye Specialty,Ophthalmology,"Cataract Surgery,Corneal Transplant,Glaucoma Surgery,Retinal Surgery,Oculoplasty,LASIK,Neuro-Ophthalmology",10000,200000,Yes,No,"CMCHIS,PM-JAY,Private Insurance",Dr. S. S. Badrinath,+91-44-28271616,info@sankaranethralaya.org,https://www.sankaranethralaya.org,18 College Road Nungambakkam Chennai 600006,13.064,80.2417,Yes,,"https://www.google.com/maps/search/?api=1&query=13.064,80.2417","Zeiss VisuMax Femtosecond Laser, Constellation Vision System","Day Care, 2 Days Hotel",15+ Years,https://images.unsplash.com/photo-1538108149393-cebb47ac0925?q=80&w=1000&auto=format&fit=crop
sims-chennai,SRM Institutes for Medical Science (SIMS Hospital),Chennai,Tamil Nadu,Multi-Specialty,"Cardiac Sciences,Pulmonology,Urology,Gastroenterology,Oncology,Orthopedics","Coronary Angioplasty,CABG Surgery,Laparoscopic Surgery,TURP,Total Knee Replacement,Cancer Surgery",100000,2000000,Yes,No,"CMCHIS,PM-JAY,Private Insurance",Dr. Ravi Pachamuthu,+91-44-28478965,info@simshospitals.com,https://www.simshospitals.com,1 Jawaharlal Nehru Salai 100 Feet Road Vadapalani Chennai 600026,13.049,80.2094,Yes,360.0,"https://www.google.com/maps/search/?api=1&query=13.049,80.2094","Proton Therapy, Varian TrueBeam Linear Accelerator","7 Days Hospital, 14 Days Hotel",20+ Years,https://images.unsplash.com/photo-1551076805-e1869033e561?q=80&w=1000&auto=format&fit=crop
gem-hospital-cbr,GEM Hospital & Research Centre Coimbatore,Coimbatore,Tamil Nadu,Gastro Specialty,"Gastroenterology,Bariatric Surgery,Laparoscopic Surgery,Colorectal Surgery","Bariatric Surgery,Laparoscopic Surgery,ERCP,Colorectal Surgery,GI Oncology",80000,600000,Yes,No,"CMCHIS,PM-JAY,Private Insurance",Dr. C. Palanivelu,+91-422-4389555,info@gemhospital.in,https://www.gemhospital.in,45-48 Pankaja Mill Road Ramanathapuram Coimbatore 641045,11.0168,76.9629,Yes,200.0,"https://www.google.com/maps/search/?api=1&query=11.0168,76.9629",Advanced Minimally Invasive & Laparoscopic Systems,"3 Days Hospital, 7 Days Hotel",15+ Years,https://images.unsplash.com/photo-1551076805-e1869033e561?q=80&w=1000&auto=format&fit=crop
kongunad-cbr,Kongunad Hospital,Coimbatore,Tamil Nadu,Private Multi-Specialty,"Cardiac Surgery,Nephrology,Orthopedics,Urology","Coronary Angioplasty,CABG Surgery,Kidney Transplant,Kidney Stone Surgery,Total Knee Replacement",100000,380000,Yes,No,"CMCHIS,PM-JAY",Dr. Balaji Sundharasan,+91-422-4351212,info@kongunadhospital.in,,Coimbatore Tamil Nadu,11.0168,76.9629,No,,"https://www.google.com/maps/search/?api=1&query=11.0168,76.9629","Advanced Minimally Invasive Laparoscopic Systems, 128-slice CT","7 Days Hospital, 14 Days Hotel",20+ Years,https://images.unsplash.com/photo-1551076805-e1869033e561?q=80&w=1000&auto=format&fit=crop
richmond-cbr,Richmond Hospital,Coimbatore,Tamil Nadu,Private,"Cardiac Surgery,Orthopedics","CABG Surgery,Total Knee Replacement",170000,370000,Yes,No,"CMCHIS,PM-JAY","Dr. V. Ranjith Vivekanandan,Dr. Subash",+91-422-2789012,info@richmondhospital.in,,Coimbatore Tamil Nadu,11.0168,76.9629,No,,"https://www.google.com/maps/search/?api=1&query=11.0168,76.9629",Advanced Minimally Invasive & Laparoscopic Systems,"7 Days Hospital, 14 Days Hotel",15+ Years,https://images.unsplash.com/photo-1551076805-e1869033e561?q=80&w=1000&auto=format&fit=crop
sree-abirami-cbr,Sree Abirami Hospital,Coimbatore,Tamil Nadu,Private,"Cardiac Surgery,Orthopedics","Coronary Angioplasty,Total Knee Replacement",100000,220000,Yes,No,"CMCHIS,PM-JAY","Dr. Bharath Harikrishnan,Dr. Saravanamoorthy",+91-422-2567890,info@sreeabirami.com,,Coimbatore Tamil Nadu,11.0168,76.9629,No,,"https://www.google.com/maps/search/?api=1&query=11.0168,76.9629",Advanced Minimally Invasive & Laparoscopic Systems,"7 Days Hospital, 14 Days Hotel",15+ Years,https://images.unsplash.com/photo-1551076805-e1869033e561?q=80&w=1000&auto=format&fit=crop
dr-mohans-diabetes-chennai,Dr. Mohan's Diabetes Specialities Centre Chennai,Chennai,Tamil Nadu,Diabetes Specialty,"Diabetology,Endocrinology,Diabetic Foot Care","Diabetes Management,Insulin Pump Therapy,Diabetic Foot Surgery,Retinopathy Screening",5000,100000,Yes,No,"CMCHIS,PM-JAY,Private Insurance",Dr. V. Mohan,+91-44-43969999,info@drmohansdiabetes.com,https://www.drmohansdiabetes.com,6B Conran Smith Road Gopalapuram Chennai 600086,13.0569,80.2484,Yes,,"https://www.google.com/maps/search/?api=1&query=13.0569,80.2484",Advanced Minimally Invasive & Laparoscopic Systems,"3 Days Hospital, 7 Days Hotel",15+ Years,https://images.unsplash.com/photo-1538108149393-cebb47ac0925?q=80&w=1000&auto=format&fit=crop
apollo-proton-cancer-chennai,Apollo Proton Cancer Centre Chennai,Chennai,Tamil Nadu,Oncology Specialty,"Radiation Oncology,Medical Oncology,Surgical Oncology","Proton Therapy,Stereotactic Radiosurgery,Robotic Surgery,Chemotherapy,Immunotherapy,Bone Marrow Transplant",200000,4000000,Yes,No,"PM-JAY,Private Insurance",,+91-44-41380000,info@apolloprotoncentre.com,https://www.apolloprotoncentre.com,4/661 Dr. Vikram Sarabhai Instrumentation Road Chennai 600096,12.9167,80.2271,Yes,200.0,"https://www.google.com/maps/search/?api=1&query=12.9167,80.2271","Da Vinci Robotic System, Advanced Cath Labs, 3D Imaging","3 Days Hospital, 7 Days Hotel",25+ Years,https://images.unsplash.com/photo-1587351021759-3e566b6af7cc?q=80&w=1000&auto=format&fit=crop
kauvery-hosur,Kauvery Hospital Hosur,Hosur,Tamil Nadu,Multi-Specialty,"Cardiac Surgery,Orthopedics,Neurosurgery,Obstetrics,Critical Care","Coronary Angioplasty,CABG Surgery,Total Knee Replacement,Brain Tumor Surgery,Laparoscopic Surgery",80000,1500000,Yes,No,"CMCHIS,PM-JAY,Private Insurance",,+91-434-4272727,care@kauveryhospital.com,https://www.kauveryhospital.com,Hosur Tamil Nadu,12.7409,77.8253,Yes,,"https://www.google.com/maps/search/?api=1&query=12.7409,77.8253","Advanced Minimally Invasive Laparoscopic Systems, 128-slice CT","7 Days Hospital, 14 Days Hotel",20+ Years,https://images.unsplash.com/photo-1551076805-e1869033e561?q=80&w=1000&auto=format&fit=crop
grn-cbr,GRN Multi Speciality Hospital,Coimbatore,Tamil Nadu,Private,"Cardiac Surgery,Orthopedics","CABG Surgery,Total Knee Replacement",160000,350000,Yes,No,"CMCHIS,PM-JAY","Dr. Gogularamanan,Dr. A. Siva Brindha",+91-422-3012345,info@grnhospital.in,,Coimbatore Tamil Nadu,11.0168,76.9629,No,,"https://www.google.com/maps/search/?api=1&query=11.0168,76.9629",Advanced Minimally Invasive & Laparoscopic Systems,"7 Days Hospital, 14 Days Hotel",15+ Years,https://images.unsplash.com/photo-1551076805-e1869033e561?q=80&w=1000&auto=format&fit=crop
rex-ortho-cbr,Rex Ortho Hospital,Coimbatore,Tamil Nadu,Orthopedic Specialty,"Orthopedics,Joint Replacement","Total Knee Replacement,Total Hip Replacement,Arthroscopy",80000,420000,Yes,No,"CMCHIS,PM-JAY","Dr. C. Rex,Dr. C. Prem Anand",+91-422-2234567,info@rexortho.in,,Coimbatore Tamil Nadu,11.0168,76.9629,No,,"https://www.google.com/maps/search/?api=1&query=11.0168,76.9629",Advanced Minimally Invasive & Laparoscopic Systems,"4 Days Hospital, 10 Days Hotel",15+ Years,https://images.unsplash.com/photo-1551076805-e1869033e561?q=80&w=1000&auto=format&fit=crop
kumaran-medical-cbr,Kumaran Medical Centre,Coimbatore,Tamil Nadu,Private Neurosurgery,Neurosurgery,"Brain Tumor Surgery,Spine Surgery",200000,500000,Yes,No,"CMCHIS,PM-JAY","Dr. S. Shanthanam,Dr. M.G. Kaushik",+91-422-2345678,info@kumaranmedical.in,,Coimbatore Tamil Nadu,11.0168,76.9629,No,,"https://www.google.com/maps/search/?api=1&query=11.0168,76.9629",Advanced Minimally Invasive & Laparoscopic Systems,"7 Days Hospital, 14 Days Hotel",15+ Years,https://images.unsplash.com/photo-1551076805-e1869033e561?q=80&w=1000&auto=format&fit=crop
kongunad-kidney-cbr,Kongunad Kidney Centre,Coimbatore,Tamil Nadu,Nephrology Specialty,Nephrology,"Haemodialysis,Kidney Transplant",500000,2500000,Yes,No,"CMCHIS,PM-JAY",,+91-422-2012345,info@kkcenter.in,,Coimbatore Tamil Nadu,11.0168,76.9629,No,,"https://www.google.com/maps/search/?api=1&query=11.0168,76.9629",Advanced Minimally Invasive & Laparoscopic Systems,"3 Days Hospital, 7 Days Hotel",15+ Years,https://images.unsplash.com/photo-1551076805-e1869033e561?q=80&w=1000&auto=format&fit=crop
ng-hospital-cbr,NG Hospital,Coimbatore,Tamil Nadu,Private,"Cardiac Surgery,Neurosurgery","CABG Surgery,Brain Tumor Surgery",170000,450000,Yes,No,"CMCHIS,PM-JAY","Dr. C. Manoharan,Dr. M. Arun Shivaraman",+91-422-2456789,info@nghospital.com,,557 Near Singanallur Signal Trichy Road Coimbatore 641005,11.0168,76.9629,No,,"https://www.google.com/maps/search/?api=1&query=11.0168,76.9629",Advanced Minimally Invasive & Laparoscopic Systems,"7 Days Hospital, 14 Days Hotel",15+ Years,https://images.unsplash.com/photo-1551076805-e1869033e561?q=80&w=1000&auto=format&fit=crop
ashwin-cbr,Ashwin Hospital,Coimbatore,Tamil Nadu,Private,"Cardiac Surgery,Orthopedics","CABG Surgery,Total Knee Replacement",160000,350000,Yes,No,"CMCHIS,PM-JAY","Dr. L.P. Thangavelu,Dr. T. Ashwin",+91-422-2234567,info@ashwinhospital.in,,Coimbatore Tamil Nadu,11.0168,76.9629,No,,"https://www.google.com/maps/search/?api=1&query=11.0168,76.9629",Advanced Minimally Invasive & Laparoscopic Systems,"7 Days Hospital, 14 Days Hotel",15+ Years,https://images.unsplash.com/photo-1551076805-e1869033e561?q=80&w=1000&auto=format&fit=crop
karpagam-cbr,Karpagam Hospital,Coimbatore,Tamil Nadu,Private,Cardiac Surgery,Coronary Angioplasty,100000,220000,Pending,No,"CMCHIS,PM-JAY",Dr. Praveen Kumar P,+91-422-2678901,info@karpagamh.com,,Coimbatore Tamil Nadu,11.0168,76.9629,No,,"https://www.google.com/maps/search/?api=1&query=11.0168,76.9629",Advanced Minimally Invasive & Laparoscopic Systems,"7 Days Hospital, 14 Days Hotel",15+ Years,https://images.unsplash.com/photo-1551076805-e1869033e561?q=80&w=1000&auto=format&fit=crop
aravind-eye-tirupur,Aravind Eye Hospital Tirupur,Tirupur,Tamil Nadu,Eye Specialty,Ophthalmology,"Cataract Surgery,Glaucoma Surgery,Retinal Surgery,LASIK",5000,120000,Yes,No,"CMCHIS,PM-JAY,Free Scheme",,+91-421-4356100,tirupur.aravind@aravind.org,https://aravind.org,Opp Vivekananda Matriculation School Dharapuram Main Road K.Chettipalayam Tirupur 641608,11.1085,77.3411,Yes,,"https://www.google.com/maps/search/?api=1&query=11.1085,77.3411","Zeiss VisuMax Femtosecond Laser, Constellation Vision System","Day Care, 2 Days Hotel",15+ Years,https://images.unsplash.com/photo-1538108149393-cebb47ac0925?q=80&w=1000&auto=format&fit=crop
